{
    "1": {
        "1": 7.67976040559875,
        "2": 3.17537176585191,
        "3": 2.84330921539838,
        "4": 2.20985740968782,
        "5": 1.88586543465942,
        "6": 1.96991412382933,
        "7": 1.57218846165084,
        "8": 1.06921057143701,
        "9": 1.27957660867689,
        "10": 1.04143118605943,
        "11": 1.05723123749395,
        "12": 0.902062344329857
    }
}